"date","close","volume","open","high","low"
"16:00","48.82","9,342,667","48.88","49.075","48.73"
"2017/11/14","49.2000","8498890.0000","49.3200","49.3300","48.9000"
"2017/11/13","49.4000","6566684.0000","49.1000","49.4300","49.0550"
"2017/11/10","49.3200","9943056.0000","49.0000","49.3700","48.7450"
"2017/11/09","49.2400","16193860.0000","50.1400","50.2200","48.5400"
"2017/11/08","50.5400","7978406.0000","50.3300","50.7400","50.2000"
"2017/11/07","50.4900","6795950.0000","50.4300","50.5800","50.0800"
"2017/11/06","50.4000","9649498.0000","50.1000","50.5500","50.0224"
"2017/11/03","50.1800","15814430.0000","50.3600","50.4400","50.1600"
"2017/11/02","50.2800","10387680.0000","50.5400","50.7000","50.1200"
"2017/11/01","50.6400","10127740.0000","51.1000","51.1700","50.5700"
"2017/10/31","50.9000","14181160.0000","50.7300","51.2800","50.4500"
"2017/10/30","50.6800","9049332.0000","50.6300","50.7500","50.2350"
"2017/10/27","50.8800","15099430.0000","50.2900","50.9700","50.0300"
"2017/10/26","50.1500","16951740.0000","50.1100","50.3000","49.7700"
"2017/10/25","49.7000","20635370.0000","49.8900","50.6500","49.6400"
"2017/10/24","49.9800","17458000.0000","49.3300","50.1400","49.2500"
"2017/10/23","49.3100","14632990.0000","49.2800","49.6600","49.2200"
"2017/10/20","49.2500","15489600.0000","49.5400","49.7900","49.1600"
"2017/10/19","49.3500","10048170.0000","49.4400","49.6700","49.1900"
"2017/10/18","49.5800","12064000.0000","49.5000","49.7600","49.1600"
"2017/10/17","49.1900","12995550.0000","48.8200","49.3000","48.7100"
"2017/10/16","48.8600","9378061.0000","48.6100","48.9100","48.4900"
"2017/10/13","48.6100","10140850.0000","48.3700","48.7100","48.3300"
"2017/10/12","48.2300","11619720.0000","48.2700","48.4800","48.1100"
"2017/10/11","48.2800","12091770.0000","48.1600","48.4700","48.1600"
"2017/10/10","48.2100","15629910.0000","48.1600","48.4600","48.0000"
"2017/10/09","48.3600","10168770.0000","48.3600","48.5800","48.1700"
"2017/10/06","48.4000","16231500.0000","48.6400","48.7000","48.2200"
"2017/10/05","48.9100","13871230.0000","48.9600","49.0300","48.5000"
"2017/10/04","48.9000","15115590.0000","48.9900","49.1900","48.7600"
"2017/10/03","48.6900","12707680.0000","48.9500","48.9600","48.5400"
"2017/10/02","48.8000","24924630.0000","48.7200","49.0000","48.5700"
"2017/09/29","48.3500","44862120.0000","48.1900","48.7500","47.9600"
"2017/09/28","48.0800","12958280.0000","48.2000","48.2500","48.0050"
"2017/09/27","48.1600","14405080.0000","48.0500","48.3600","47.9500"
"2017/09/26","47.9200","18495980.0000","48.1000","48.2100","47.8900"
"2017/09/25","47.9700","15662930.0000","48.5200","48.5400","47.6400"
"2017/09/22","48.1600","15336810.0000","47.9200","48.4250","47.9200"
"2017/09/21","47.9700","15147170.0000","47.8200","48.1900","47.8200"
"2017/09/20","47.9700","21250360.0000","48.0000","48.1900","47.6900"
"2017/09/19","48.0400","23065990.0000","48.4900","48.5000","47.8800"
"2017/09/18","48.3300","29428530.0000","48.8800","49.0600","48.0900"
"2017/09/15","48.7400","66273270.0000","50.6500","50.7000","48.4800"
"2017/09/14","52.7900","21409960.0000","52.7600","53.1400","52.3200"
"2017/09/13","52.8000","14448640.0000","52.5200","52.9800","52.4500"
"2017/09/12","52.7700","13347290.0000","52.6400","52.8900","52.4700"
"2017/09/11","52.4900","16524970.0000","51.8800","52.6100","51.8100"
"2017/09/08","51.5800","10133350.0000","51.8000","51.8800","51.3800"
"2017/09/07","51.7300","11515500.0000","51.1900","51.7800","51.0300"
"2017/09/06","51.0100","15467810.0000","51.0800","51.2250","50.7950"
"2017/09/05","50.9300","15610640.0000","50.5300","51.0800","50.4700"
"2017/09/01","50.6200","8704403.0000","50.3500","50.8800","50.3500"
"2017/08/31","50.3300","12899900.0000","49.8800","50.5150","49.8400"
"2017/08/30","49.8000","6949736.0000","49.5000","49.9500","49.3600"
"2017/08/29","49.4500","7245879.0000","48.8800","49.5700","48.7500"
"2017/08/28","49.2400","6204807.0000","49.3900","49.3900","49.0400"
"2017/08/25","49.2400","7836919.0000","49.4400","49.4400","49.1501"
"2017/08/24","49.1900","7365529.0000","49.0700","49.2569","48.8800"
"2017/08/23","49.0700","6895319.0000","49.0600","49.4300","48.9400"
"2017/08/22","49.2600","9232110.0000","49.1200","49.3500","48.9900"
"2017/08/21","48.9000","7285382.0000","48.6500","48.9600","48.5400"
"2017/08/18","48.6200","10121370.0000","48.4500","48.8800","48.3100"
"2017/08/17","48.5500","9442209.0000","49.1700","49.3100","48.5500"
"2017/08/16","49.2500","9880964.0000","48.9700","49.3150","48.7600"
"2017/08/15","48.8300","10663330.0000","48.8900","49.0600","48.7700"
"2017/08/14","48.8500","9228737.0000","48.4800","48.9600","48.4700"
"2017/08/11","48.2400","11704650.0000","48.1800","48.4350","47.9800"
"2017/08/10","48.1000","13292870.0000","48.9600","48.9600","48.0500"
"2017/08/09","49.0600","15872410.0000","48.9800","49.3900","48.8600"
"2017/08/08","49.1000","14627780.0000","49.5400","49.8250","48.9700"
"2017/08/07","49.6400","8278430.0000","50.0000","50.0900","49.5250"
"2017/08/04","49.9600","6986194.0000","50.1800","50.2100","49.8650"
"2017/08/03","50.2300","9487959.0000","49.9200","50.4100","49.7250"
"2017/08/02","49.7700","8718713.0000","50.2600","50.3100","49.5800"
"2017/08/01","50.1600","6046389.0000","50.1500","50.2200","49.8200"
"2017/07/31","49.9300","10029760.0000","50.4800","50.5000","49.8950"
"2017/07/28","50.3000","8996435.0000","50.1900","50.4900","50.0400"
"2017/07/27","50.4500","16508100.0000","51.3000","51.3600","50.1900"
"2017/07/26","51.1700","5724453.0000","51.1500","51.1900","51.0200"
"2017/07/25","51.1700","10536130.0000","50.9100","51.2300","50.7900"
"2017/07/24","50.7600","7609816.0000","50.8000","50.9000","50.6100"
"2017/07/21","50.8000","8791077.0000","50.8700","51.1500","50.6500"
"2017/07/20","51.1300","8737584.0000","51.1400","51.2600","50.8350"
"2017/07/19","51.0000","13311650.0000","50.4600","51.1000","50.3600"
"2017/07/18","50.4500","14105240.0000","50.3400","50.7000","50.1600"
"2017/07/17","50.4400","8094195.0000","50.3100","50.5800","50.2400"
"2017/07/14","50.5600","9875732.0000","50.2700","50.6500","50.2700"
"2017/07/13","50.3500","11959850.0000","50.5500","50.6750","50.2500"
"2017/07/12","50.4500","14460270.0000","50.0200","50.4800","49.9600"
"2017/07/11","49.8800","9750897.0000","49.5300","49.8900","49.4100"
"2017/07/10","49.6200","10098150.0000","49.2700","49.8300","49.2200"
"2017/07/07","49.3500","10608010.0000","48.8300","49.4400","48.8300"
"2017/07/06","48.8500","14409370.0000","49.2500","49.4200","48.7700"
"2017/07/05","49.4600","15775170.0000","49.8000","50.0300","49.4100"
"2017/07/03","49.3600","10883220.0000","50.0500","50.1300","49.3200"
"2017/06/30","50.1400","13146170.0000","50.1800","50.5200","50.0800"
"2017/06/29","50.2000","13924810.0000","50.7600","50.8850","49.9800"
"2017/06/28","50.8700","15980180.0000","51.0700","51.0900","50.8100"
"2017/06/27","50.7500","17875240.0000","50.7500","51.4500","50.5200"
"2017/06/26","50.8600","29451460.0000","50.9900","51.7000","50.7700"
"2017/06/23","50.9500","42806970.0000","50.2400","51.8350","50.0700"
"2017/06/22","50.3000","63153340.0000","51.6100","51.8500","50.1600"
"2017/06/21","46.3300","30045890.0000","46.1500","46.5400","46.0800"
"2017/06/20","45.8400","15286680.0000","45.7600","46.3200","45.6000"
"2017/06/19","45.7300","12783750.0000","45.2700","45.7500","45.2100"
"2017/06/16","45.0900","15908410.0000","44.7500","45.1000","44.5300"
"2017/06/15","44.6800","10383920.0000","44.5500","44.8150","44.3700"
"2017/06/14","44.8100","12008680.0000","45.1600","45.2800","44.4850"
"2017/06/13","44.9800","10705430.0000","45.0700","45.2350","44.6200"
"2017/06/12","44.8500","16188570.0000","44.6500","44.8500","43.7400"
"2017/06/09","45.0300","12188360.0000","45.4000","45.6699","44.6800"
"2017/06/08","45.4200","12843100.0000","45.7300","45.8565","45.3100"
"2017/06/07","45.4000","7688665.0000","45.6200","45.6500","45.1400"
"2017/06/06","45.6100","7449476.0000","45.7300","45.8400","45.6000"
"2017/06/05","45.9200","8617321.0000","45.6900","45.9950","45.6700"
"2017/06/02","45.6600","11794560.0000","45.8800","46.0700","45.4800"
"2017/06/01","45.7900","8138601.0000","45.5200","45.8000","45.3600"
"2017/05/31","45.3900","14759420.0000","45.4200","45.5500","45.2600"
"2017/05/30","45.4200","10768380.0000","45.1100","45.4600","45.1100"
"2017/05/26","45.2600","6899725.0000","45.2100","45.4450","45.0600"
"2017/05/25","45.2000","7597616.0000","44.9900","45.3000","44.8300"
"2017/05/24","44.8300","7711245.0000","44.6500","44.8800","44.5000"
"2017/05/23","44.5600","6873723.0000","44.6800","44.8400","44.5200"
"2017/05/22","44.6300","9804660.0000","44.3300","44.6500","44.2800"
"2017/05/19","44.3100","11518840.0000","44.2100","44.5200","44.1700"
"2017/05/18","44.1700","12776740.0000","44.0600","44.4100","43.6000"
"2017/05/17","44.2300","18488110.0000","44.9900","45.0900","44.2000"
"2017/05/16","45.2900","7944298.0000","45.3600","45.3700","45.1500"
"2017/05/15","45.3200","9652500.0000","45.2400","45.3600","45.0900"
"2017/05/12","45.0800","7965112.0000","45.0100","45.1500","44.9150"
"2017/05/11","45.1600","8996359.0000","45.4100","45.4100","44.9700"
"2017/05/10","45.5300","6906121.0000","45.5200","45.5600","45.2900"
"2017/05/09","45.4800","6530558.0000","45.5000","45.6800","45.3800"
"2017/05/08","45.5600","7559817.0000","45.4800","45.7050","45.4200"
"2017/05/05","45.5800","8443421.0000","45.7100","45.7800","45.3600"
"2017/05/04","45.4700","15505170.0000","44.9600","45.7800","44.9500"
"2017/05/03","44.8900","10695870.0000","45.0500","45.1550","44.7700"
"2017/05/02","45.1300","11604690.0000","45.0000","45.3500","44.9700"
"2017/05/01","45.0500","9118178.0000","45.0100","45.1800","44.8700"
"2017/04/28","44.9600","12962650.0000","44.7400","44.9600","44.5200"
"2017/04/27","44.7700","8220729.0000","44.8800","44.9400","44.6500"
"2017/04/26","44.6900","10122350.0000","44.7500","45.0400","44.6400"
"2017/04/25","44.7200","12435550.0000","44.9800","44.9800","44.6000"
"2017/04/24","44.8400","10848110.0000","44.9700","44.9900","44.6200"
"2017/04/21","44.4300","11556020.0000","44.5900","44.7400","44.4000"
"2017/04/20","44.5300","10880900.0000","44.2600","44.6300","44.1700"
"2017/04/19","44.1900","10711950.0000","44.4400","44.5400","44.0800"
"2017/04/18","44.5200","10446940.0000","44.2100","44.5800","44.1400"
"2017/04/17","44.2900","10999440.0000","44.1200","44.3551","44.0000"
"2017/04/13","44.0000","11838300.0000","44.1900","44.4500","43.9800"
"2017/04/12","44.1800","8457039.0000","44.3300","44.4100","44.0300"
"2017/04/11","44.1700","15422230.0000","43.8900","44.4500","43.7600"
"2017/04/10","44.0000","11668630.0000","44.2100","44.4450","43.9550"
"2017/04/07","44.2900","13446530.0000","44.0900","44.3850","43.9900"
"2017/04/06","44.1800","11556650.0000","44.5300","44.5300","44.1400"
"2017/04/05","44.4900","9442917.0000","44.7400","44.9700","44.4100"
"2017/04/04","44.5900","9161341.0000","44.6100","44.7400","44.3800"
"2017/04/03","44.6100","16044200.0000","44.6800","45.0500","44.4000"
"2017/03/31","44.6100","10652670.0000","44.5000","44.8500","44.4600"
"2017/03/30","44.6800","7792242.0000","44.4500","44.7450","44.3700"
"2017/03/29","44.5200","10636240.0000","44.5200","44.7300","44.4700"
"2017/03/28","44.6900","14008250.0000","44.8300","45.0300","44.6600"
"2017/03/27","44.8400","8933374.0000","44.5100","44.9300","44.3600"
"2017/03/24","44.6500","13110180.0000","44.9200","45.0900","44.5750"
"2017/03/23","44.9500","16182340.0000","44.6800","45.0600","44.6700"
"2017/03/22","44.7900","14334580.0000","45.1300","45.4500","44.6300"
"2017/03/21","44.8400","21966340.0000","45.3100","45.4000","44.7100"
"2017/03/20","45.2300","21452530.0000","45.6700","45.9500","45.1600"
"2017/03/17","45.6600","31688640.0000","45.2500","45.9800","45.1100"
"2017/03/16","45.7300","67526600.0000","46.3900","46.9900","45.6500"
"2017/03/15","43.0500","18136280.0000","42.9000","43.2000","42.6400"
"2017/03/14","42.7900","10289030.0000","42.5800","42.8400","42.4050"
"2017/03/13","42.5800","11374320.0000","42.7500","42.7800","42.5250"
"2017/03/10","42.6800","12242930.0000","42.6200","42.6900","42.3500"
"2017/03/09","42.4400","10308440.0000","42.6300","42.6300","42.2500"
"2017/03/08","42.6100","9217088.0000","42.6800","42.7900","42.5100"
"2017/03/07","42.6000","9492804.0000","42.5800","42.7500","42.5200"
"2017/03/06","42.5700","9195998.0000","42.4600","42.7350","42.3000"
"2017/03/03","42.6900","8928505.0000","42.7700","42.8850","42.5900"
"2017/03/02","42.8900","9427033.0000","42.8300","42.9300","42.6300"
"2017/03/01","42.9200","11402000.0000","42.7500","43.0000","42.6900"
"2017/02/28","42.5900","14450050.0000","42.6200","42.7450","42.4200"
"2017/02/27","42.7000","13872760.0000","43.2600","43.2600","42.5200"
"2017/02/24","43.1700","11426660.0000","42.7400","43.1900","42.6800"
"2017/02/23","42.9600","15481140.0000","42.5600","42.9900","42.5000"
"2017/02/22","42.5100","11602750.0000","42.2600","42.5200","42.1300"
"2017/02/21","42.2700","12389580.0000","41.9900","42.3800","41.9300"
"2017/02/17","42.0600","18545330.0000","41.5400","42.0600","41.5000"
"2017/02/16","41.5900","10132470.0000","41.4600","41.7350","41.3650"
"2017/02/15","41.4100","9243647.0000","40.9600","41.4800","40.8900"
"2017/02/14","41.1000","9621961.0000","40.9200","41.1700","40.7500"
"2017/02/13","41.0900","12779820.0000","40.8900","41.1900","40.8000"
"2017/02/10","40.7900","13168630.0000","40.3300","40.9200","40.2100"
"2017/02/09","40.2300","10977180.0000","40.0900","40.4500","40.0500"
"2017/02/08","40.0200","8883343.0000","40.0600","40.3500","40.0100"
"2017/02/07","40.0700","8843999.0000","40.1600","40.3000","40.0400"
"2017/02/06","40.1000","7871322.0000","40.4400","40.4400","40.0800"
"2017/02/03","40.4300","12941160.0000","40.0700","40.4300","39.9500"
"2017/02/02","39.9800","10119000.0000","39.7700","40.0000","39.6800"
"2017/02/01","39.8400","11836760.0000","40.2200","40.2200","39.7100"
"2017/01/31","40.1100","10766750.0000","40.2100","40.2500","39.6750"
"2017/01/30","40.2300","10589560.0000","40.1100","40.2500","39.8100"
"2017/01/27","40.2300","9232659.0000","40.2000","40.3900","40.1300"
"2017/01/26","40.1300","10556460.0000","40.2100","40.2500","39.9500"
"2017/01/25","40.1500","13164790.0000","40.3200","40.3750","39.9500"
"2017/01/24","40.1000","12216460.0000","39.8500","40.2000","39.7500"
"2017/01/23","39.6800","13242540.0000","39.7600","40.0900","39.4300"
"2017/01/20","39.8700","20932330.0000","39.4600","40.0350","39.4500"
"2017/01/19","39.2100","12232350.0000","39.1200","39.3800","39.1000"
"2017/01/18","39.1900","10367940.0000","39.2800","39.3400","39.0300"
"2017/01/17","39.1000","11081370.0000","39.0700","39.2800","38.8850"
"2017/01/13","39.2600","9453592.0000","39.1600","39.3300","39.0300"
"2017/01/12","39.2000","11527300.0000","39.0300","39.3200","38.5900"
"2017/01/11","39.1100","10392480.0000","38.6400","39.1300","38.6400"
"2017/01/10","38.6600","11313610.0000","39.0000","39.0700","38.6600"
"2017/01/09","39.0300","15587390.0000","38.5300","39.4500","38.4700"
"2017/01/06","38.4500","14814840.0000","38.7500","38.7500","38.3800"
"2017/01/05","38.6400","12049360.0000","38.6700","38.9500","38.4050"
"2017/01/04","38.7400","9523170.0000","38.5500","38.9200","38.5500"
"2017/01/03","38.5500","11036990.0000","38.4500","38.6900","38.3000"
"2016/12/30","38.4500","10820190.0000","38.7500","38.8625","38.3400"
"2016/12/29","38.6900","5712159.0000","38.6100","38.8400","38.6100"
"2016/12/28","38.6800","8135524.0000","38.8700","38.9200","38.6300"
"2016/12/27","38.8200","5073774.0000","38.7700","39.0400","38.7600"
"2016/12/23","38.7800","8143552.0000","38.7900","39.0226","38.6299"
"2016/12/22","38.9600","11217650.0000","38.9300","39.2400","38.6000"
"2016/12/21","38.8300","11952790.0000","39.0600","39.0600","38.6100"
"2016/12/20","39.0000","13989930.0000","38.9600","39.1100","38.8000"
"2016/12/19","38.9000","15134340.0000","39.0300","39.1900","38.5900"
"2016/12/16","39.1000","45573580.0000","40.2200","40.2200","38.7600"
"2016/12/15","40.8600","17688260.0000","40.9500","41.1400","40.7350"
"2016/12/14","40.8800","25101030.0000","40.8700","41.0900","40.6200"
"2016/12/13","40.7600","12278490.0000","40.4700","41.0000","40.4700"
"2016/12/12","40.5100","10891420.0000","40.3500","40.7000","40.3500"
"2016/12/09","40.5200","11218980.0000","40.4100","40.7700","40.2800"
"2016/12/08","40.3500","10108770.0000","40.3200","40.4950","40.0800"
"2016/12/07","40.3200","15170600.0000","39.5000","40.3700","39.4900"
"2016/12/06","39.4700","13524010.0000","39.0100","39.4800","38.8800"
"2016/12/05","38.9700","13681520.0000","38.6000","39.1100","38.5400"
"2016/12/02","38.5000","19119920.0000","38.4600","38.8300","37.6400"
"2016/12/01","38.7000","22734670.0000","40.1100","40.1800","38.4600"
"2016/11/30","40.1900","14374590.0000","40.6600","40.7000","40.1900"
"2016/11/29","40.5500","10157370.0000","40.3400","40.7400","40.1300"
"2016/11/28","40.3000","12038670.0000","40.1300","40.5300","40.0500"
"2016/11/25","40.2700","4013115.0000","40.0400","40.3500","40.0400"
"2016/11/23","40.1000","11080550.0000","40.0500","40.1000","39.8400"
"2016/11/22","40.0900","10984640.0000","40.0900","40.1200","39.8075"
"2016/11/21","39.8900","8053980.0000","39.9700","40.0300","39.6700"
"2016/11/18","39.8600","12880980.0000","40.2800","40.4900","39.6700"
"2016/11/17","40.2500","13301130.0000","39.8000","40.2900","39.6700"
"2016/11/16","39.7000","12572370.0000","39.1000","39.8000","38.9200"
"2016/11/15","39.1700","13594290.0000","38.8900","39.2200","38.6800"
"2016/11/14","39.3000","15417080.0000","39.3900","39.6700","39.1100"
"2016/11/11","39.4500","12217650.0000","39.5400","39.8050","39.1800"
"2016/11/10","39.5800","26707220.0000","39.6500","40.0600","39.3000"
"2016/11/09","39.5500","19497320.0000","38.5600","39.7350","38.3900"
"2016/11/08","39.1300","7574740.0000","39.1600","39.3500","38.9800"
"2016/11/07","39.0900","9506678.0000","38.7300","39.1500","38.7200"
"2016/11/04","38.2800","14288950.0000","38.3100","38.5800","38.1700"
"2016/11/03","38.3100","12382040.0000","37.9900","38.3800","37.9900"
"2016/11/02","38.0300","9487381.0000","38.4600","38.4900","37.9750"
"2016/11/01","38.4600","12018100.0000","38.5800","38.5800","38.2250"
"2016/10/31","38.4200","10485240.0000","38.3100","38.5100","38.2000"
"2016/10/28","38.1700","7803320.0000","38.3000","38.4500","38.0250"
"2016/10/27","38.2200","7549232.0000","38.4100","38.5600","38.1500"
"2016/10/26","38.3100","9722768.0000","38.1500","38.6400","38.1500"
"2016/10/25","38.3600","11627930.0000","38.3300","38.4300","38.1050"
"2016/10/24","38.2700","13550230.0000","38.1200","38.4200","38.1200"
"2016/10/21","37.9300","13401000.0000","37.9900","38.1200","37.7700"
"2016/10/20","38.0900","11197000.0000","38.1200","38.3500","38.0100"
"2016/10/19","38.3500","8290181.0000","38.5200","38.6350","38.3100"
"2016/10/18","38.4200","7109293.0000","38.6000","38.6900","38.3600"
"2016/10/17","38.2900","9418836.0000","38.5400","38.5400","38.2100"
"2016/10/14","38.4100","11601170.0000","38.2600","38.5850","38.1900"
"2016/10/13","38.0300","14118060.0000","37.8600","38.1900","37.6200"
"2016/10/12","38.0500","8926032.0000","37.9300","38.1500","37.6400"
"2016/10/11","38.0100","14950510.0000","38.5600","38.6500","37.8100"
"2016/10/10","38.6200","9414564.0000","38.8600","39.0000","38.5900"
"2016/10/07","38.7100","11440870.0000","38.8400","39.0000","38.6100"
"2016/10/06","38.8700","9787955.0000","39.1100","39.2400","38.6300"
"2016/10/05","39.1500","8269218.0000","39.1100","39.3350","38.8900"
"2016/10/04","38.8700","9199333.0000","39.0400","39.2000","38.7600"
"2016/10/03","38.9900","10403320.0000","39.2000","39.2550","38.8600"
"2016/09/30","39.2800","12861880.0000","39.2500","39.4400","39.0900"
"2016/09/29","39.1200","8793817.0000","39.2500","39.6200","39.0801"
"2016/09/28","39.4400","8094390.0000","39.2300","39.5000","39.1600"
"2016/09/27","39.3000","10631370.0000","38.9000","39.4900","38.8600"
"2016/09/26","39.0300","9840941.0000","39.0000","39.1050","38.7600"
"2016/09/23","39.2300","14017310.0000","39.3900","39.4200","39.0300"
"2016/09/22","39.5100","9679158.0000","39.6800","39.8000","39.4800"
"2016/09/21","39.5100","10992960.0000","39.1900","39.5750","39.1900"
"2016/09/20","39.0700","12119100.0000","39.5500","39.6000","39.0550"
"2016/09/19","39.2300","19773840.0000","39.1300","39.5500","39.0450"
"2016/09/16","38.9200","50676410.0000","39.6100","39.9500","38.7100"
"2016/09/15","40.8600","18980570.0000","40.1800","41.0300","40.0900"
"2016/09/14","40.2500","11615210.0000","40.0200","40.5550","40.0200"
"2016/09/13","40.1800","13395150.0000","40.3700","40.5300","39.9700"
"2016/09/12","40.6800","14919350.0000","39.9600","40.7500","39.6800"
"2016/09/09","40.0300","14473430.0000","40.3300","40.7400","40.0300"
"2016/09/08","40.7200","16729370.0000","40.9300","41.0000","40.6000"
"2016/09/07","41.2500","10415340.0000","41.1400","41.3100","40.9500"
"2016/09/06","41.2500","8299339.0000","41.3700","41.3700","41.0700"
"2016/09/02","41.2500","9002477.0000","41.2600","41.4196","41.0300"
"2016/09/01","41.1600","10639570.0000","40.9800","41.2600","40.7800"
"2016/08/31","41.2200","9693690.0000","41.2700","41.3200","41.0900"
"2016/08/30","41.3100","6840673.0000","41.3900","41.3950","41.1450"
"2016/08/29","41.3100","9168170.0000","41.4800","41.5300","41.2600"
"2016/08/26","41.2600","9228217.0000","41.1100","41.5800","41.0650"
"2016/08/25","41.1000","7567154.0000","41.1200","41.2000","41.0000"
"2016/08/24","41.0700","9830250.0000","41.3500","41.4700","40.9800"
"2016/08/23","41.5000","10631820.0000","41.3700","41.6400","41.3600"
"2016/08/22","41.2200","9826702.0000","41.1100","41.3900","41.1100"
"2016/08/19","41.3200","9109870.0000","41.0400","41.3400","41.0050"
"2016/08/18","41.1400","8544577.0000","40.9500","41.3300","40.9500"
"2016/08/17","41.2100","9876443.0000","41.3800","41.3800","41.0700"
"2016/08/16","41.3200","8108643.0000","41.3000","41.4450","41.2400"
"2016/08/15","41.3900","12761930.0000","41.0000","41.6400","41.0000"
"2016/08/12","41.0900","6301674.0000","41.1300","41.2000","41.0000"
"2016/08/11","41.2800","9473686.0000","41.1300","41.4100","41.1300"
"2016/08/10","41.0900","11060870.0000","41.1300","41.2500","40.8600"
"2016/08/09","41.1000","9534007.0000","41.0900","41.2700","41.0500"
"2016/08/08","41.1600","11427820.0000","41.1800","41.4000","41.1200"
"2016/08/05","41.1300","9615322.0000","41.0700","41.2200","40.9600"
"2016/08/04","40.9000","9140432.0000","40.6100","40.9500","40.6100"
"2016/08/03","40.7100","12350490.0000","40.6200","40.8500","40.5950"
"2016/08/02","40.7100","10268190.0000","41.1200","41.1200","40.5800"
"2016/08/01","41.1500","12435190.0000","40.9100","41.2700","40.9100"
"2016/07/29","41.0400","13230850.0000","41.3200","41.3800","40.9200"
"2016/07/28","41.1900","17048580.0000","41.3500","41.4000","40.7200"
"2016/07/27","40.9300","9567033.0000","41.0300","41.1050","40.7500"
"2016/07/26","40.9400","11031900.0000","41.0600","41.2400","40.8100"
"2016/07/25","41.1600","8974188.0000","40.9100","41.1600","40.8900"
"2016/07/22","41.0800","10426330.0000","41.1200","41.2100","40.9450"
"2016/07/21","41.0700","11545810.0000","41.3400","41.5100","40.9400"
"2016/07/20","41.2500","11409680.0000","41.4800","41.5000","41.2500"
"2016/07/19","41.0800","12722790.0000","41.3000","41.4500","41.0100"
"2016/07/18","41.6400","8734905.0000","41.7100","41.8350","41.5800"
"2016/07/15","41.7700","11666250.0000","41.9100","41.9100","41.4600"
"2016/07/14","41.6700","9259546.0000","41.5700","41.8700","41.5000"
"2016/07/13","41.4600","9574451.0000","41.5600","41.6500","41.2475"
"2016/07/12","41.4200","13306530.0000","41.2300","41.5800","41.0550"
"2016/07/11","40.7800","12897350.0000","40.9000","41.1400","40.7500"
"2016/07/08","40.8700","14235590.0000","40.8800","41.1800","40.7400"
"2016/07/07","40.5300","11675630.0000","40.6500","40.8300","40.4200"
"2016/07/06","40.5300","12124300.0000","40.2000","40.5700","40.0200"
"2016/07/05","40.4000","12500690.0000","40.3300","40.5800","40.1500"
"2016/07/01","40.8600","11381410.0000","40.7000","41.0500","40.6900"
"2016/06/30","40.9300","20092470.0000","40.4800","41.1550","40.4700"
"2016/06/29","40.5500","23009740.0000","39.7600","40.7000","39.4900"
"2016/06/28","39.1300","14737330.0000","38.7200","39.1900","38.5800"
"2016/06/27","38.4800","22505820.0000","38.8700","38.8800","38.1800"
"2016/06/24","39.2300","44203910.0000","39.3800","39.8900","39.0200"
"2016/06/23","40.8300","15419630.0000","40.4000","40.8700","40.2600"
"2016/06/22","40.0100","12643260.0000","40.1500","40.3400","39.8700"
"2016/06/21","39.9900","20111120.0000","39.9300","40.1200","39.7475"
"2016/06/20","39.7300","17148170.0000","39.9000","40.3500","39.7000"
"2016/06/17","39.6800","34438390.0000","39.4900","39.9600","38.9200"
"2016/06/16","38.6400","17865980.0000","38.3600","38.7999","38.0800"
"2016/06/15","38.4400","14472440.0000","38.8000","38.9200","38.4100"
"2016/06/14","38.8300","12083000.0000","38.6300","38.9800","38.5700"
"2016/06/13","38.6200","13028220.0000","38.5000","38.8900","38.3800"
"2016/06/10","38.7400","10441710.0000","38.7800","38.9900","38.6100"
"2016/06/09","39.0500","12316130.0000","39.1900","39.2100","38.7500"
"2016/06/08","39.2800","11671050.0000","39.1600","39.3400","38.9000"
"2016/06/07","39.1300","20008890.0000","39.5500","39.7450","39.0500"
"2016/06/06","39.4400","16102170.0000","39.1900","39.6400","39.1200"
"2016/06/03","39.1000","20739120.0000","38.7400","39.2100","38.6900"
"2016/06/02","38.6600","51054480.0000","38.7000","39.0500","38.0750"
"2016/06/01","40.2600","9248993.0000","40.0600","40.3000","39.8200"
"2016/05/31","40.2000","12556980.0000","40.0800","40.2200","39.9500"
"2016/05/27","40.0700","8240624.0000","39.8300","40.0800","39.8000"
"2016/05/26","39.9500","7573999.0000","40.1100","40.2000","39.9250"
"2016/05/25","40.1300","7972174.0000","40.0500","40.2900","40.0500"
"2016/05/24","39.9000","11329460.0000","39.4200","40.0750","39.2500"
"2016/05/23","39.1800","8904833.0000","39.3100","39.4400","39.1400"
"2016/05/20","39.4100","16153190.0000","39.0800","39.5800","38.9500"
"2016/05/19","38.8400","15124180.0000","39.1600","39.2400","38.5600"
"2016/05/18","39.4700","10379690.0000","39.5900","39.8000","39.1600"
"2016/05/17","39.6000","9483662.0000","39.8000","40.0200","39.4700"
"2016/05/16","39.9700","7797058.0000","39.7700","40.1000","39.4600"
"2016/05/13","39.6100","9392633.0000","39.7800","40.0800","39.5100"
"2016/05/12","39.8200","10006800.0000","39.8900","40.0300","39.5900"
"2016/05/11","39.6500","7180095.0000","39.8600","40.0800","39.6400"
"2016/05/10","40.0200","9290051.0000","39.5800","40.0600","39.5800"
"2016/05/09","39.3600","7947521.0000","39.3400","39.7250","39.2200"
"2016/05/06","39.4100","7587077.0000","38.9700","39.4250","38.9700"
"2016/05/05","39.2300","8962693.0000","39.4400","39.4600","39.1250"
"2016/05/04","39.2900","9046012.0000","39.3900","39.5700","39.1300"
"2016/05/03","39.6800","11428280.0000","40.0300","40.1100","39.5300"
"2016/05/02","40.3000","10440230.0000","39.9000","40.4300","39.8300"
"2016/04/29","39.8600","12872980.0000","40.1700","40.1700","39.3700"
"2016/04/28","40.3300","9232215.0000","40.3600","40.9700","40.1700"
"2016/04/27","40.8500","8741924.0000","40.5100","41.0000","40.5100"
"2016/04/26","40.6500","8365822.0000","40.8200","40.8500","40.4300"
"2016/04/25","40.7800","10876220.0000","40.5900","40.8300","40.4700"
"2016/04/22","40.7000","15003320.0000","40.7900","41.4300","40.6700"
"2016/04/21","40.9900","11946210.0000","41.0300","41.3000","40.8800"
"2016/04/20","41.1000","8481174.0000","41.1900","41.3900","41.0800"
"2016/04/19","41.0600","9884423.0000","41.4100","41.4900","40.9650"
"2016/04/18","41.2400","8848759.0000","40.8400","41.2500","40.8000"
"2016/04/15","41.0200","10340330.0000","41.1200","41.3800","41.0200"
"2016/04/14","41.2400","9142757.0000","41.3100","41.4600","41.1800"
"2016/04/13","41.3100","12751340.0000","40.8200","41.3900","40.6300"
"2016/04/12","40.4200","9222289.0000","40.3100","40.5200","39.9900"
"2016/04/11","40.3900","10398280.0000","40.5900","41.0800","40.3800"
"2016/04/08","40.3600","8011513.0000","40.1300","40.5400","40.1300"
"2016/04/07","39.9700","12838310.0000","40.5900","40.5900","39.8100"
"2016/04/06","40.7500","12516060.0000","40.4000","40.7900","40.1900"
"2016/04/05","40.5300","9103216.0000","40.8500","41.0600","40.4600"
"2016/04/04","41.0700","10243450.0000","41.1500","41.2800","40.9000"
"2016/04/01","41.1600","9574015.0000","40.6800","41.2200","40.6200"
"2016/03/31","40.9100","10193210.0000","41.1300","41.2400","40.8000"
"2016/03/30","40.9700","9796018.0000","40.9600","41.1100","40.8450"
"2016/03/29","40.7000","15159200.0000","40.4100","40.8000","40.3700"
"2016/03/28","40.6200","14646960.0000","41.1100","41.1100","40.5550"
"2016/03/24","40.9700","11955130.0000","40.6000","41.0650","40.3400"
"2016/03/23","40.7500","13665640.0000","41.3000","41.3500","40.5700"
"2016/03/22","41.3800","11968780.0000","41.3200","41.7500","41.1900"
"2016/03/21","41.6100","17273300.0000","41.4200","42.0000","41.3700"
"2016/03/18","41.4800","34350980.0000","40.8700","41.4900","40.6500"
"2016/03/17","40.6100","22160780.0000","40.1500","40.9600","40.0700"
"2016/03/16","40.2200","49072500.0000","39.5500","40.9450","39.5300"
"2016/03/15","38.7400","17296940.0000","38.3500","38.8700","38.1300"
"2016/03/14","38.7000","14703450.0000","38.9100","38.9400","38.5500"
"2016/03/11","38.9500","13142600.0000","38.4500","38.9700","38.2800"
"2016/03/10","38.0500","17621290.0000","38.7700","38.7700","37.5050"
"2016/03/09","38.4800","16785790.0000","38.4300","38.6100","38.1200"
"2016/03/08","38.1500","12374290.0000","38.1100","38.4500","37.9400"
"2016/03/07","38.3600","13011010.0000","37.5400","38.4500","37.5200"
"2016/03/04","37.8900","10638070.0000","38.0000","38.1600","37.7701"
"2016/03/03","37.8900","8832188.0000","37.6100","37.9100","37.3950"
"2016/03/02","37.7600","12791090.0000","37.7600","37.8899","37.4300"
"2016/03/01","37.9900","13016690.0000","37.1500","37.9900","37.0400"
"2016/02/29","36.7800","22266900.0000","37.0000","37.3300","36.6250"
"2016/02/26","36.9600","16548240.0000","37.4300","37.6500","36.8400"
"2016/02/25","37.2900","11565840.0000","36.7900","37.3000","36.5000"
"2016/02/24","36.6300","10976150.0000","36.0900","36.7300","35.7700"
"2016/02/23","36.5500","9417125.0000","37.1100","37.1100","36.3800"
"2016/02/22","37.1100","10109940.0000","37.1100","37.4852","36.9000"
"2016/02/19","36.7800","13193530.0000","36.5200","36.7900","36.4200"
"2016/02/18","36.6300","12866630.0000","36.7100","36.8700","36.3950"
"2016/02/17","36.6300","13186470.0000","35.9700","36.7700","35.9700"
"2016/02/16","35.7000","19663520.0000","35.7600","35.9100","35.4200"
"2016/02/12","35.5400","15835660.0000","35.2400","35.5500","34.9050"
"2016/02/11","34.8400","18889730.0000","34.5900","35.1100","34.4700"
"2016/02/10","35.2000","13368650.0000","35.4200","36.1350","35.1400"
"2016/02/09","35.0800","17810670.0000","35.1300","35.6100","34.6200"
"2016/02/08","35.6100","20118850.0000","35.1300","35.7000","34.4750"
"2016/02/05","35.7000","17312180.0000","36.1300","36.2400","35.3700"
"2016/02/04","36.4500","16925930.0000","35.7000","36.5400","35.6600"
"2016/02/03","35.6900","13855330.0000","35.5600","35.7900","34.9400"
"2016/02/02","35.3500","17404480.0000","35.8500","35.9400","35.2500"
"2016/02/01","36.3200","14135250.0000","35.9000","36.5400","35.8500"
"2016/01/29","36.3100","19048290.0000","35.6500","36.3100","35.5100"
"2016/01/28","35.3300","15459260.0000","35.1700","35.5450","34.9400"
"2016/01/27","34.9100","20567410.0000","35.0300","35.5500","34.7339"
"2016/01/26","35.2300","19729570.0000","34.3200","35.2300","34.1200"
"2016/01/25","34.3400","16793610.0000","34.5800","34.9400","34.3000"
"2016/01/22","34.8000","15892550.0000","34.5500","34.9900","34.5300"
"2016/01/21","34.1200","20374770.0000","33.9100","34.5600","33.5900"
"2016/01/20","33.9400","25277650.0000","33.8800","34.2300","33.1300"
"2016/01/19","34.5500","21423140.0000","34.5400","34.7500","34.2400"
"2016/01/15","34.1200","25424510.0000","33.8000","34.5100","33.6600"
"2016/01/14","34.7900","19513290.0000","34.1900","35.0900","34.0100"
"2016/01/13","34.0800","28322670.0000","35.1900","35.4000","33.8700"
"2016/01/12","35.3700","18441330.0000","35.3200","35.5500","34.9850"
"2016/01/11","34.9400","18700940.0000","34.7500","35.1200","34.5200"
"2016/01/08","34.6500","21903690.0000","35.1300","35.2800","34.6100"
"2016/01/07","35.0400","22546530.0000","35.2500","35.6800","34.8800"
"2016/01/06","35.8200","18164650.0000","35.5000","36.1350","35.3600"
"2016/01/05","35.6400","25327940.0000","35.8600","36.1200","35.4900"
"2016/01/04","35.7500","18784390.0000","36.0100","36.0100","35.3600"
"2015/12/31","36.5300","10332410.0000","36.8400","36.9500","36.4300"
"2015/12/30","36.9200","9584554.0000","37.0800","37.1600","36.8300"
"2015/12/29","37.0400","10708640.0000","37.0200","37.2100","36.9800"
"2015/12/28","36.7900","10899350.0000","36.8300","36.8600","36.4700"
"2015/12/24","37.0100","4953878.0000","36.7300","37.2250","36.7300"
"2015/12/23","36.9300","12817820.0000","36.6600","37.2150","36.6500"
"2015/12/22","36.5900","13914120.0000","36.3900","36.7100","36.2500"
"2015/12/21","36.4200","15042210.0000","36.7200","36.8400","36.1000"
"2015/12/18","36.3500","28627370.0000","36.8900","37.0800","36.3100"
"2015/12/17","36.9300","42875910.0000","38.0900","38.2000","36.5400"
"2015/12/16","38.9100","23398520.0000","38.6700","39.1400","38.3450"
"2015/12/15","38.2100","19263420.0000","38.1000","38.5300","37.9500"
"2015/12/14","37.6500","20108030.0000","37.1500","37.6800","36.8500"
"2015/12/11","37.2100","20346620.0000","37.6200","37.8500","37.0350"
"2015/12/10","38.1900","18358280.0000","38.6100","38.8200","38.1100"
"2015/12/09","38.5800","17515350.0000","38.6300","39.3500","38.3250"
"2015/12/08","38.7300","15219170.0000","38.2900","38.8700","38.2600"
"2015/12/07","38.8200","13798470.0000","39.1600","39.2399","38.5000"
"2015/12/04","39.1600","18206390.0000","38.0200","39.2400","37.8750"
"2015/12/03","37.8100","20322430.0000","38.9600","38.9600","37.7500"
"2015/12/02","38.7000","13694240.0000","39.1500","39.3900","38.6500"
"2015/12/01","39.2300","12717010.0000","39.0900","39.2750","38.9100"
"2015/11/30","38.9700","18767300.0000","39.1100","39.2900","38.9700"
"2015/11/27","39.1800","6869874.0000","39.1400","39.3400","39.0800"
"2015/11/25","39.2600","8014997.0000","39.4700","39.6000","39.2450"
"2015/11/24","39.4600","13766240.0000","38.7800","39.6200","38.7800"
"2015/11/23","39.1400","9111899.0000","39.4400","39.5300","39.0500"
"2015/11/20","39.3400","12023190.0000","39.2500","39.5750","39.2000"
"2015/11/19","39.0200","12305010.0000","38.6700","39.3200","38.6200"
"2015/11/18","38.7000","12017340.0000","38.1900","38.7300","38.1500"
"2015/11/17","38.1300","14819970.0000","38.2300","38.5150","37.9700"
"2015/11/16","38.1200","16713820.0000","37.6900","38.3900","37.5600"
"2015/11/13","37.3000","23967660.0000","38.4800","38.6000","37.2200"
"2015/11/12","38.6300","14589010.0000","38.6500","39.1050","38.5100"
"2015/11/11","39.0400","18861510.0000","39.2400","39.6000","38.9800"
"2015/11/10","39.9200","11294020.0000","39.8300","40.1700","39.7900"
"2015/11/09","40.1000","14604870.0000","40.4100","40.5000","39.7800"
"2015/11/06","40.6200","16481500.0000","40.3200","40.6400","40.1300"
"2015/11/05","40.3500","16358000.0000","40.1600","40.6000","40.1500"
"2015/11/04","40.4800","16863040.0000","40.3500","40.5700","40.0600"
"2015/11/03","40.2000","17153100.0000","39.6900","40.2700","39.5800"
"2015/11/02","39.7500","19789580.0000","39.0500","39.7800","38.9000"
"2015/10/30","38.8400","16471540.0000","38.9200","39.0400","38.5000"
"2015/10/29","38.8600","11432860.0000","38.5300","38.9100","38.5250"
"2015/10/28","38.8800","14019990.0000","38.6300","38.8900","38.3700"
"2015/10/27","38.3400","14102340.0000","38.3300","38.4500","38.0400"
"2015/10/26","38.3700","12330610.0000","37.9400","38.6200","37.9400"
"2015/10/23","38.0700","16469070.0000","38.1200","38.1600","37.7900"
"2015/10/22","37.7900","14701320.0000","36.8500","37.8600","36.8500"
"2015/10/21","36.6200","11072050.0000","36.9800","37.1200","36.5700"
"2015/10/20","36.8600","13678090.0000","36.6200","37.0000","36.6200"
"2015/10/19","36.8700","18093220.0000","36.8600","37.1000","36.5700"
"2015/10/16","37.3700","19669740.0000","37.8000","37.8000","37.1400"
"2015/10/15","37.5500","12194260.0000","37.5500","37.6700","37.2600"
"2015/10/14","37.2600","14067300.0000","37.1700","37.5800","37.1400"
"2015/10/13","37.8200","11575530.0000","37.9100","38.2000","37.7400"
"2015/10/12","38.0400","11022520.0000","37.9200","38.1200","37.6900"
"2015/10/09","38.1000","14656250.0000","37.9800","38.2000","37.6600"
"2015/10/08","37.8900","13220080.0000","37.3900","37.9850","37.3400"
"2015/10/07","37.6600","16354610.0000","37.7500","37.9800","37.3500"
"2015/10/06","37.7300","12426640.0000","37.5200","37.8500","37.5100"
"2015/10/05","37.5900","12732370.0000","37.2600","37.7300","37.0200"
"2015/10/02","36.8900","18757540.0000","35.7100","36.9100","35.6400"
"2015/10/01","36.2400","18305250.0000","36.2300","36.4200","35.8500"
"2015/09/30","36.1200","16203540.0000","35.8900","36.1900","35.7750"
"2015/09/29","35.5100","19767900.0000","35.3100","35.6600","35.2400"
"2015/09/28","35.4400","21727900.0000","35.7200","36.1400","35.4000"
"2015/09/25","36.0500","19374130.0000","36.2000","36.3200","35.9100"
"2015/09/24","36.0600","18059440.0000","35.8500","36.2300","35.3900"
"2015/09/23","35.9900","16991590.0000","36.1900","36.2150","35.8300"
"2015/09/22","36.1900","19978670.0000","36.3400","36.4900","35.9700"
"2015/09/21","36.8300","14964380.0000","36.6000","37.0590","36.4250"
"2015/09/18","36.3800","34867290.0000","36.2900","36.9800","36.2600"
"2015/09/17","36.7400","37154110.0000","36.7400","37.6700","36.5000"
"2015/09/16","38.2700","19515590.0000","38.2600","38.5200","37.9300"
"2015/09/15","37.9900","14876310.0000","37.7700","38.1800","37.4000"
"2015/09/14","37.5600","15004640.0000","37.8100","37.9400","37.3700"
"2015/09/11","37.9200","12948610.0000","37.4500","37.9600","37.4000"
"2015/09/10","37.6100","16920920.0000","37.0300","37.9400","37.0300"
"2015/09/09","37.0900","14690520.0000","37.9000","38.1800","37.0100"
"2015/09/08","37.6800","18949460.0000","36.7300","37.8200","36.7300"
"2015/09/04","36.2700","13121230.0000","36.3500","36.6800","36.0900"
"2015/09/03","36.9000","11767130.0000","36.8100","37.2700","36.7700"
"2015/09/02","36.7500","15049220.0000","36.3700","36.7500","36.1100"
"2015/09/01","36.0100","19924190.0000","36.3300","36.5500","35.8900"
"2015/08/31","37.0900","15336050.0000","37.1600","37.5100","36.9300"
"2015/08/28","37.4600","21559080.0000","36.8600","37.4950","36.7800"
"2015/08/27","36.8200","28167540.0000","37.3500","37.5100","36.0099"
"2015/08/26","36.9100","20532140.0000","36.0300","37.0200","35.6000"
"2015/08/25","35.4500","21352820.0000","36.9700","37.2100","35.3800"
"2015/08/24","36.0800","32521260.0000","35.7300","37.0600","35.1400"
"2015/08/21","37.5500","19397170.0000","38.3200","38.7700","37.5500"
"2015/08/20","38.6300","13052310.0000","39.1900","39.5000","38.6000"
"2015/08/19","39.5300","11108910.0000","39.7000","39.9400","39.3100"
"2015/08/18","39.8300","9950554.0000","39.5200","40.0300","39.5100"
"2015/08/17","39.7200","7615261.0000","39.4100","39.7250","39.0900"
"2015/08/14","39.4100","7184959.0000","39.3300","39.5000","39.1800"
"2015/08/13","39.3100","7785664.0000","39.2200","39.5600","38.9900"
"2015/08/12","39.2800","11150860.0000","38.7400","39.3590","38.5000"
"2015/08/11","39.1700","10583140.0000","39.5300","39.6800","39.0200"
"2015/08/10","39.8900","9525807.0000","39.7600","40.0450","39.7000"
"2015/08/07","39.5600","10655000.0000","39.3600","39.6900","39.2300"
"2015/08/06","39.3200","10613030.0000","39.6300","39.8400","39.1450"
"2015/08/05","39.6400","11964560.0000","39.9000","40.0200","39.6300"
"2015/08/04","39.6600","9692655.0000","39.5900","40.0000","39.5250"
"2015/08/03","39.7100","12431180.0000","39.9500","40.0100","39.4605"
"2015/07/31","39.9400","13705020.0000","39.7600","40.1200","39.7000"
"2015/07/30","39.6500","13634220.0000","40.0300","40.1000","39.5450"
"2015/07/29","39.7900","12989180.0000","39.3700","39.8700","39.2600"
"2015/07/28","39.2800","14289210.0000","38.7900","39.3650","38.4400"
"2015/07/27","38.5100","15746990.0000","38.7200","38.8200","38.4700"
"2015/07/24","39.0000","12029020.0000","39.1000","39.1700","38.8000"
"2015/07/23","39.0000","18071630.0000","39.5500","39.6000","38.9600"
"2015/07/22","39.4200","16796880.0000","39.3600","39.6750","39.2500"
"2015/07/21","39.5700","14678800.0000","39.7600","39.9850","39.3900"
"2015/07/20","39.9300","17486720.0000","40.3600","40.3900","39.8700"
"2015/07/17","40.4000","14543390.0000","40.7500","40.8600","40.1600"
"2015/07/16","40.9600","14861030.0000","41.0200","41.0200","40.5550"
"2015/07/15","40.7900","9326567.0000","40.6300","40.9200","40.6300"
"2015/07/14","40.7800","9298777.0000","40.8100","40.9000","40.5800"
"2015/07/13","40.8000","10701980.0000","40.5200","40.8600","40.3800"
"2015/07/10","40.3600","10469240.0000","40.5600","40.6500","40.2100"
"2015/07/09","40.1800","13347670.0000","40.2400","40.4800","40.1500"
"2015/07/08","39.7700","14597820.0000","39.9000","40.2400","39.7000"
"2015/07/07","40.1600","16437100.0000","40.0400","40.2700","39.8400"
"2015/07/06","40.1500","12433920.0000","39.9300","40.2900","39.7700"
"2015/07/02","40.3600","11643800.0000","40.3800","40.4200","40.1500"
"2015/07/01","40.2400","13947390.0000","40.6100","40.7000","39.9300"
"2015/06/30","40.3000","16712720.0000","40.6000","40.7500","40.1100"
"2015/06/29","40.4200","18167110.0000","40.6300","40.9000","40.3800"
"2015/06/26","40.9900","39646120.0000","41.1000","41.3700","40.9700"
"2015/06/25","41.0600","13547450.0000","41.2400","41.4700","41.0550"
"2015/06/24","41.2000","17767780.0000","41.5400","41.7700","41.2000"
"2015/06/23","41.7100","17388350.0000","41.9400","42.0600","41.4801"
"2015/06/22","41.4900","22365350.0000","41.8000","41.9550","41.4500"
"2015/06/19","41.5900","37394110.0000","42.9000","43.1000","41.5600"
"2015/06/18","42.7400","79121110.0000","41.9100","42.9800","40.9700"
"2015/06/17","44.9100","26769520.0000","44.8600","45.2400","44.3700"
"2015/06/16","44.6400","18242180.0000","43.9100","44.8800","43.7600"
"2015/06/15","43.7200","16727690.0000","43.9000","43.9900","43.4100"
"2015/06/12","44.3400","11728180.0000","43.9800","44.3900","43.9000"
"2015/06/11","44.2800","12503750.0000","44.1700","44.4200","44.0300"
"2015/06/10","43.9400","15497830.0000","43.2800","44.0500","43.0600"
"2015/06/09","43.0700","7630420.0000","43.3500","43.3700","42.8200"
"2015/06/08","43.1000","9112216.0000","43.8100","43.8900","43.0800"
"2015/06/05","43.8100","12850740.0000","43.8300","44.0200","43.4900"
"2015/06/04","43.7700","13775150.0000","43.7400","44.1100","43.5084"
"2015/06/03","43.9700","9220901.0000","43.7400","44.0900","43.5900"
"2015/06/02","43.7000","8266942.0000","43.5100","44.0100","43.1400"
"2015/06/01","43.7900","9763255.0000","43.8400","44.0600","43.6400"
"2015/05/29","43.4900","10242420.0000","43.7900","43.8400","43.3600"
"2015/05/28","43.8600","7272613.0000","44.0800","44.2500","43.6400"
"2015/05/27","44.1400","11096770.0000","43.5400","44.2500","43.4100"
"2015/05/26","43.3300","10439340.0000","43.7400","43.8300","43.1500"
"2015/05/22","43.9300","7484345.0000","44.2000","44.2700","43.8800"
"2015/05/21","44.2800","8036392.0000","44.2200","44.4500","43.9500"
"2015/05/20","44.2900","9043827.0000","44.2200","44.6000","44.0901"
"2015/05/19","44.3200","8639951.0000","44.4200","44.4600","44.1600"
"2015/05/18","44.2400","6063639.0000","43.9400","44.4100","43.8750"
"2015/05/15","44.1500","9369535.0000","44.4100","44.4400","43.9400"
"2015/05/14","44.3800","7292755.0000","44.1100","44.4000","44.0000"
"2015/05/13","43.7900","7450510.0000","43.7600","44.0700","43.6200"
"2015/05/12","43.5700","8515828.0000","43.6500","43.6900","43.2800"
"2015/05/11","43.8400","7429355.0000","43.9700","44.2000","43.6000"
"2015/05/08","44.0100","9182856.0000","43.8300","44.2400","43.6900"
"2015/05/07","43.4800","8780766.0000","43.1700","43.6600","43.0200"
"2015/05/06","43.2600","12731970.0000","44.2000","44.2400","43.0000"
"2015/05/05","43.9200","11410730.0000","44.4700","44.6200","43.8900"
"2015/05/04","44.5900","9168245.0000","44.5500","44.8500","44.2400"
"2015/05/01","44.3700","11940810.0000","43.4400","44.3800","43.4400"
"2015/04/30","43.6200","20196270.0000","44.0500","44.4100","43.5050"
"2015/04/29","44.7300","36602330.0000","44.4000","44.9000","43.6800"
"2015/04/28","44.5000","18287730.0000","43.7100","44.5800","43.4500"
"2015/04/27","43.6100","12916010.0000","43.1000","43.9500","43.0700"
"2015/04/24","43.0800","17765090.0000","43.4100","43.5800","42.7500"
"2015/04/23","43.3900","11302010.0000","43.5100","43.6300","42.9850"
"2015/04/22","43.5500","7336186.0000","43.5100","43.7500","43.3400"
"2015/04/21","43.4200","9304435.0000","43.5100","43.8700","43.4000"
"2015/04/20","43.3200","10426340.0000","43.3100","43.8100","43.2500"
"2015/04/17","43.0000","12465480.0000","43.0600","43.4000","42.8600"
"2015/04/16","43.4600","11950300.0000","43.6900","43.9600","43.2500"
"2015/04/15","43.9900","18188690.0000","42.9500","44.1900","42.8300"
"2015/04/14","42.7300","10510450.0000","43.0400","43.0600","42.5100"
"2015/04/13","43.0800","10943400.0000","43.5500","43.7900","43.0300"
"2015/04/10","43.5100","12540220.0000","43.0800","43.8900","43.0800"
"2015/04/09","43.2000","9399527.0000","42.9700","43.3100","42.7400"
"2015/04/08","43.1100","6947138.0000","42.8500","43.3400","42.8500"
"2015/04/07","42.9600","8075376.0000","42.9900","43.4800","42.9400"
"2015/04/06","42.9600","9758809.0000","42.2800","43.1000","42.2100"
"2015/04/02","42.6200","11178930.0000","42.9900","43.1100","42.4800"
"2015/04/01","42.9400","12050920.0000","42.9900","43.1200","42.7200"
"2015/03/31","43.1500","13264200.0000","43.3100","43.5700","43.1300"
"2015/03/30","43.4400","12730150.0000","43.2300","43.6300","43.1150"
"2015/03/27","42.6400","18028230.0000","42.9300","43.1200","42.4200"
"2015/03/26","42.9900","14064720.0000","42.7800","43.2300","42.4600"
"2015/03/25","42.9300","17490790.0000","43.6800","43.7500","42.9300"
"2015/03/24","43.7100","14893720.0000","44.3300","44.5000","43.7100"
"2015/03/23","44.2500","10746830.0000","44.3400","44.6200","44.1600"
"2015/03/20","44.4100","20716280.0000","44.1300","44.7300","44.0600"
"2015/03/19","44.1600","15710470.0000","44.0000","44.4900","44.0000"
"2015/03/18","44.1300","37895510.0000","44.3000","44.9350","43.3500"
"2015/03/17","42.8700","21350950.0000","43.1100","43.3400","42.8600"
"2015/03/16","43.4100","17414140.0000","42.8200","43.5300","42.7400"
"2015/03/13","42.3800","18402500.0000","41.5400","42.4700","41.5100"
"2015/03/12","41.6200","13716530.0000","41.4600","41.7600","41.2600"
"2015/03/11","41.4700","11071500.0000","41.9300","42.1600","41.4100"
"2015/03/10","41.8200","13960500.0000","42.2400","42.5500","41.7750"
"2015/03/09","42.6900","11474170.0000","42.2500","42.7900","42.1901"
"2015/03/06","42.3800","15085280.0000","43.6100","43.6100","42.3000"
"2015/03/05","43.8000","10983550.0000","43.6600","43.8900","43.2550"
"2015/03/04","43.6100","14697650.0000","43.2000","43.6600","42.8200"
"2015/03/03","43.3800","10058740.0000","43.8300","43.8800","43.1700"
"2015/03/02","44.0300","11090940.0000","43.8100","44.0400","43.4800"
"2015/02/27","43.8200","9549531.0000","43.7700","44.1100","43.6800"
"2015/02/26","43.8900","8519163.0000","43.8000","44.1500","43.7100"
"2015/02/25","43.7300","11785040.0000","43.8300","44.0900","43.3800"
"2015/02/24","43.8800","10516410.0000","43.7900","43.9600","43.3800"
"2015/02/23","43.7800","10995460.0000","43.4600","43.8800","43.3032"
"2015/02/20","43.7700","14731160.0000","44.0600","44.0900","43.4600"
"2015/02/19","44.1100","8465711.0000","44.1300","44.3700","44.0000"
"2015/02/18","44.1000","8661050.0000","43.7100","44.1100","43.6500"
"2015/02/17","43.8400","10119010.0000","43.6700","43.9000","43.5400"
"2015/02/13","43.9300","10155870.0000","43.8000","44.2300","43.8000"
"2015/02/12","43.8900","12519430.0000","43.4800","44.0600","43.4100"
"2015/02/11","43.3600","12836940.0000","43.9600","44.0000","43.0850"
"2015/02/10","43.9900","12714740.0000","43.7900","44.0600","43.5600"
"2015/02/09","43.4000","12705940.0000","42.6300","43.6300","42.6300"
"2015/02/06","42.9800","9521936.0000","43.2600","43.4700","42.8800"
"2015/02/05","43.1600","9630270.0000","42.5000","43.2400","42.5000"
"2015/02/04","42.4200","12904310.0000","42.9700","43.1600","42.3200"
"2015/02/03","43.0400","12657080.0000","42.9400","43.1400","42.5350"
"2015/02/02","42.6800","16889510.0000","42.2100","42.7100","41.5600"
"2015/01/30","41.8900","22590040.0000","42.0900","42.5200","41.8200"
"2015/01/29","42.8600","12805030.0000","42.8200","43.0200","42.3200"
"2015/01/28","42.6900","15132430.0000","43.9400","43.9800","42.6700"
"2015/01/27","43.4000","14984430.0000","43.0100","43.8700","42.5800"
"2015/01/26","43.9000","12059500.0000","44.1700","44.2100","43.5400"
"2015/01/23","44.1900","14149260.0000","43.9800","44.5400","43.9200"
"2015/01/22","44.0500","17968720.0000","43.9500","45.3300","43.1800"
"2015/01/21","43.4900","15869380.0000","43.6900","43.9300","43.2100"
"2015/01/20","43.9000","16305450.0000","43.5600","44.0300","43.2300"
"2015/01/16","43.5100","17786080.0000","42.4900","43.6200","42.2500"
"2015/01/15","42.6300","13428530.0000","43.4800","43.6400","42.5700"
"2015/01/14","43.0600","12705120.0000","42.4600","43.1700","42.4600"
"2015/01/13","42.9300","12869740.0000","43.6700","43.9500","42.5700"
"2015/01/12","43.2700","16055670.0000","43.2600","43.7700","42.8600"
"2015/01/09","43.3900","15957540.0000","43.9800","44.1000","43.2600"
"2015/01/08","43.4100","17492560.0000","43.6300","43.9400","43.3800"
"2015/01/07","43.1500","13498550.0000","43.3300","43.5200","43.0100"
"2015/01/06","43.1400","19229160.0000","44.0600","44.1800","42.9900"
"2015/01/05","43.5900","18369390.0000","44.1600","44.2500","43.5800"
"2015/01/02","44.3300","15069770.0000","45.0200","45.1898","43.9700"
"2014/12/31","44.9700","13269710.0000","45.4500","45.5599","44.9700"
"2014/12/30","45.3400","9961217.0000","45.5500","45.6600","45.2900"
"2014/12/29","45.6100","9701392.0000","46.0200","46.0900","45.6000"
"2014/12/26","46.1000","6901457.0000","46.1900","46.5000","46.0700"
"2014/12/24","46.2300","10241150.0000","46.3600","46.7050","46.1500"
"2014/12/23","46.0100","13969200.0000","45.5300","46.5000","45.4600"
"2014/12/22","45.6500","21261470.0000","45.5700","46.0500","45.4100"
"2014/12/19","46.0000","41775850.0000","45.1000","46.1500","44.9800"
"2014/12/18","45.3500","54431900.0000","43.8300","45.3700","43.5700"
"2014/12/17","41.1600","17966580.0000","41.0600","41.6300","40.6800"
"2014/12/16","40.6300","16424280.0000","40.8900","41.3600","40.6100"
"2014/12/15","41.1100","22316270.0000","41.2100","41.6500","40.7700"
"2014/12/12","39.9500","14108150.0000","40.2400","40.7800","39.9200"
"2014/12/11","40.7600","12387680.0000","41.1200","41.6400","40.7100"
"2014/12/10","40.9200","12546130.0000","41.7000","41.8100","40.8800"
"2014/12/09","41.8700","13883650.0000","40.9800","41.9250","40.8900"
"2014/12/08","41.3700","12766460.0000","41.9100","42.0300","41.3300"
"2014/12/05","41.9300","8925169.0000","42.0200","42.0200","41.5900"
"2014/12/04","41.8900","9191574.0000","42.1200","42.1200","41.4900"
"2014/12/03","42.0600","10326150.0000","41.9400","42.1400","41.6350"
"2014/12/02","42.1800","9082699.0000","41.9000","42.3600","41.8600"
"2014/12/01","42.0800","10794870.0000","42.0100","42.3800","42.0100"
"2014/11/28","42.4100","11890060.0000","41.9800","42.5100","41.8850"
"2014/11/26","41.8700","11590010.0000","41.1800","41.9100","41.1800"
"2014/11/25","41.1500","12391910.0000","41.5100","41.6400","41.1500"
"2014/11/24","41.4300","9531959.0000","41.4900","41.6400","41.3600"
"2014/11/21","41.4400","12607680.0000","41.3200","41.5000","41.1700"
"2014/11/20","40.9200","9055513.0000","40.7100","41.0050","40.6100"
"2014/11/19","40.9200","9181996.0000","41.1500","41.2700","40.8100"
"2014/11/18","41.2600","9328002.0000","41.1900","41.4751","41.1100"
"2014/11/17","41.1600","11948070.0000","40.7100","41.2000","40.6300"
"2014/11/14","40.8400","11465830.0000","40.8600","41.0700","40.6300"
"2014/11/13","40.7200","11860200.0000","40.1700","40.7700","39.8900"
"2014/11/12","40.1400","10957450.0000","40.5600","40.5900","40.0450"
"2014/11/11","40.4700","7060994.0000","40.5300","40.5900","40.3500"
"2014/11/10","40.4500","11048290.0000","39.9700","40.4900","39.8900"
"2014/11/07","39.9400","13728460.0000","39.6900","39.9700","39.6100"
"2014/11/06","39.8100","11603440.0000","39.2200","39.8600","39.1100"
"2014/11/05","39.2900","12271210.0000","39.3400","39.5100","39.1100"
"2014/11/04","39.1300","12671000.0000","38.9300","39.1500","38.9000"
"2014/11/03","38.9900","10300600.0000","39.0200","39.0400","38.7600"
"2014/10/31","39.0500","16133590.0000","38.8800","39.0500","38.8250"
"2014/10/30","38.5000","9644217.0000","38.4000","38.6600","38.3900"
"2014/10/29","38.5800","10916480.0000","38.7300","38.7400","38.4600"
"2014/10/28","38.6500","11631780.0000","38.3400","38.7300","38.3400"
"2014/10/27","38.4300","7525291.0000","38.5000","38.7200","38.3500"
"2014/10/24","38.7300","8975719.0000","38.3200","38.7400","38.2500"
"2014/10/23","38.2300","9659060.0000","38.0800","38.5000","38.0100"
"2014/10/22","37.6400","16810180.0000","38.3700","38.4300","37.5800"
"2014/10/21","38.3500","15381870.0000","38.2900","38.4700","38.0400"
"2014/10/20","37.8000","16653840.0000","36.3100","37.8100","35.8200"
"2014/10/17","37.8700","21086930.0000","37.6900","38.0150","37.3400"
"2014/10/16","37.5600","21409930.0000","37.9900","38.1800","37.5200"
"2014/10/15","38.3000","24560640.0000","37.9800","38.4300","37.1800"
"2014/10/14","38.4600","19508540.0000","38.6600","39.0400","38.4200"
"2014/10/13","38.2300","20723460.0000","38.1100","38.7800","37.8600"
"2014/10/10","38.1000","18234080.0000","38.6600","39.1000","38.0900"
"2014/10/09","38.7400","15004850.0000","38.9900","39.2100","38.5101"
"2014/10/08","39.0200","15995160.0000","38.8200","39.0500","38.0400"
"2014/10/07","38.4600","14309130.0000","38.9400","39.0800","38.4300"
"2014/10/06","39.0800","14168030.0000","38.9700","39.2400","38.9450"
"2014/10/03","38.8900","15289480.0000","38.5000","39.1200","38.4000"
"2014/10/02","38.2700","14781060.0000","38.1500","38.5500","37.9200"
"2014/10/01","38.0900","17438700.0000","38.3200","38.4100","37.9450"
"2014/09/30","38.2800","21143330.0000","38.4600","38.5700","38.1400"
"2014/09/29","38.4400","16586040.0000","38.5700","38.6300","38.2700"
"2014/09/26","38.9500","16006370.0000","38.7700","39.0100","38.5200"
"2014/09/25","38.7600","13281320.0000","39.3500","39.3500","38.6450"
"2014/09/24","39.4200","18906220.0000","38.7700","39.5560","38.5700"
"2014/09/23","38.8300","34348310.0000","39.5000","39.5900","38.8000"
"2014/09/22","39.5800","24572620.0000","39.6800","39.7400","39.2400"
"2014/09/19","39.8000","86616290.0000","40.5800","40.6600","39.2750"
"2014/09/18","41.5500","26168370.0000","41.3500","41.7717","41.2000"
"2014/09/17","41.1400","14083130.0000","41.1900","41.3300","40.7700"
"2014/09/16","41.1900","13220080.0000","40.8100","41.3300","40.5000"
"2014/09/15","40.6600","14018120.0000","40.5000","40.7700","40.2100"
